{"range":3,"caliber":1,"weaponType":5,"fireTypes":4,"modifiers":0,"hardpointType":11,"schematic":"","behaviors":[{"guidance":[[0.0,0.9593412,0.0,0.0],[0.186046138,0.9699189,0.0,0.0],[0.245504111,0.561182439,0.0,0.0],[0.305781841,0.9728476,0.0,0.0],[0.452824175,0.9863649,0.0,0.0],[0.514968336,0.72557956,0.0,0.0],[0.582879245,0.986441553,0.0,0.0],[0.740852237,0.990967453,0.0,0.0],[0.8113701,0.8454359,0.0,0.0],[0.8819307,1.0,0.0,0.0],[1.0,1.0,0.0,0.0]],"thrustCurve":[[0.0,0.0,0.0,0.0],[0.0170422811,0.3977728,51.60958,51.60958],[0.0497766957,0.07809481,0.205703467,0.205703467],[0.4783637,0.4762412,1.43706155,1.43706155],[0.4969261,0.832028151,1.427726,1.427726],[0.9812975,0.9989637,0.110116482,0.110116482],[1.0,0.0,0.0,0.0]],"liftCurve":[[0.0,0.09374851,-0.282933772,-0.282933772],[0.0793687,0.287501574,0.0,0.0],[0.485981524,0.0558143854,-0.309884,-0.309884],[1.0,0.0,0.0,0.0]],"thrust":{"min":135.0,"max":325.0,"heatExponentMultiplier":0.0625,"durabilityExponentMultiplier":0.125,"qualityExponent":2.0},"frequency":0.25,"missileSpeed":{"min":150.0,"max":300.0,"heatExponentMultiplier":0.0,"durabilityExponentMultiplier":0.0,"qualityExponent":2.25},"speed":{"min":0.15,"max":0.25,"heatExponentMultiplier":0.0625,"durabilityExponentMultiplier":0.125,"qualityExponent":1.5},"sensorImpact":{"min":1.5,"max":0.5,"heatExponentMultiplier":0.125,"durabilityExponentMultiplier":0.125,"qualityExponent":1.75},"threshold":{"min":15.0,"max":35.0,"heatExponentMultiplier":0.125,"durabilityExponentMultiplier":0.125,"qualityExponent":2.0},"directionImpact":{"min":2.0,"max":1.0,"heatExponentMultiplier":0.125,"durabilityExponentMultiplier":0.125,"qualityExponent":2.0},"decay":{"min":0.25,"max":0.1,"heatExponentMultiplier":0.25,"durabilityExponentMultiplier":0.125,"qualityExponent":2.25},"count":{"min":1.0,"max":1.0,"heatExponentMultiplier":1.0,"durabilityExponentMultiplier":0.0,"qualityExponent":0.0},"burstTime":{"min":0.0,"max":0.0,"heatExponentMultiplier":1.0,"durabilityExponentMultiplier":0.0,"qualityExponent":0.0},"cooldown":{"min":15.0,"max":8.0,"heatExponentMultiplier":0.25,"durabilityExponentMultiplier":0.25,"qualityExponent":1.5},"ammoInterval":false,"damageType":0,"damage":{"min":14.0,"max":48.0,"heatExponentMultiplier":0.03125,"durabilityExponentMultiplier":0.0625,"qualityExponent":2.0},"penetration":{"min":0.0,"max":0.0,"heatExponentMultiplier":1.0,"durabilityExponentMultiplier":0.0,"qualityExponent":0.0},"damageSpread":{"min":1.0,"max":3.25,"heatExponentMultiplier":0.0,"durabilityExponentMultiplier":0.0,"qualityExponent":1.5},"minRange":{"min":500.0,"max":50.0,"heatExponentMultiplier":1.0,"durabilityExponentMultiplier":0.0,"qualityExponent":1.75},"range":{"min":1650.0,"max":3500.0,"heatExponentMultiplier":0.03125,"durabilityExponentMultiplier":0.125,"qualityExponent":1.75},"damageCurve":{"keys":[[0.0,1.0,0.0,0.0],[1.0,0.0,-1.76562428,-1.76562428]]},"effect":"Assets/Resources/Prefabs/Weapons/Regular Missile.prefab","energy":{"min":5.0,"max":1.0,"heatExponentMultiplier":0.25,"durabilityExponentMultiplier":0.25,"qualityExponent":1.5},"heat":{"min":1500.0,"max":500.0,"heatExponentMultiplier":0.0,"durabilityExponentMultiplier":0.125,"qualityExponent":1.5},"visibility":{"min":1000.0,"max":250.0,"heatExponentMultiplier":0.25,"durabilityExponentMultiplier":0.125,"qualityExponent":1.75},"ammo":"00000000-0000-0000-0000-000000000000","magSize":2,"reloadTime":1.0,"spread":{"min":0.0,"max":0.0,"heatExponentMultiplier":1.0,"durabilityExponentMultiplier":0.0,"qualityExponent":0.0},"velocity":{"min":100.0,"max":175.0,"heatExponentMultiplier":0.25,"durabilityExponentMultiplier":0.25,"qualityExponent":1.0},"group":0,"$type":"LauncherData"}],"durability":60.0,"minTemp":223.15,"maxTemp":473.15,"heatCurve":{"keys":[[0.0,0.0,8.389394,8.389394],[0.357228935,0.8660065,-2.46956825,-2.46956825],[1.0,0.0,-0.6179685,-0.6179685]]},"resilience":1.0,"actionIcon":"","soundBank":2393348022,"audioStats":[],"name":"GT 3K","description":"Smaller, faster, and more determined than ever. The little missile that could!","creator":"adfb9b08-aabc-45c6-9586-915698a9c4b0","mass":100.0,"shape":{"name":[[true,true,true]]},"specificHeat":1.0,"conductivity":1.0,"price":225000,"id":"5ee2ff03-0ac4-4cdd-89bc-81e29223900b","$type":"WeaponItemData"}