{"name":"Adrasteia","shortName":"Adrasteia","description":"The best defense is not to need one.","logo":"","personality":{},"primaryColor":[0.09,0.123157874,0.3],"secondaryColor":[0.4032,0.760051847,0.8],"nameFile":"95c298ae-d7b4-4481-9fff-deb3eb5872e9","bossHull":"bb5d9f73-612f-4060-8fb4-f72d6b93b616","influence":3,"allegiance":{"16bad4f9-7fb5-41c5-8da0-dc76709eb7d3":0.389,"1dfaa629-6c63-42a7-91e1-f1ae90f92f09":0.811,"2f74e6b4-d268-48a9-b2a8-24591c680e84":0.607,"73d368dd-58a8-4431-b9ba-2d44754d36a1":0.233,"8419f9bc-0167-46ec-86c3-3265d2905fbc":0.434,"8443f966-0d88-4ec7-a20e-8edf73fa62f6":0.559,"a012e0f4-4b22-47b7-8b24-ff3e1439c949":0.155,"a1f76631-d6d1-443a-9be1-c9b1267d6ca2":0.957,"a9672650-c335-484a-9555-71a35c841aa1":0.251,"adfb9b08-aabc-45c6-9586-915698a9c4b0":0.881,"bbd619ed-76c1-464c-829d-3f419cdc2525":1.0,"d6466821-6776-4f40-9609-2342debf5c86":0.978},"overworldMusic":0,"combatMusic":0,"bossMusic":0,"id":"bbd619ed-76c1-464c-829d-3f419cdc2525","$type":"Faction"}