{"name":"Aeronautics Unlimited","shortName":"AU","description":"\"Quick expansion and retrieval of resources is key to a successful quarter, every quarter.\"","logo":"Assets/Resources/Sprites/Icons/Tech/Tex_skill_47.PNG","personality":{"0e91c198-d6c6-4d28-a7e0-d5316db3b7d0":0.3,"2103d2d5-bf5c-4dd9-9381-c90f1e39496f":0.65},"primaryColor":[0.3294118,0.498696,0.8392157],"secondaryColor":[0.270588279,0.8117647,0.5093596],"nameFile":"350eac1f-ecca-4439-9a86-7bcef44f780c","bossHull":"bb5d9f73-612f-4060-8fb4-f72d6b93b616","influence":5,"allegiance":{"16bad4f9-7fb5-41c5-8da0-dc76709eb7d3":0.794,"1dfaa629-6c63-42a7-91e1-f1ae90f92f09":0.498,"2f74e6b4-d268-48a9-b2a8-24591c680e84":0.415,"73d368dd-58a8-4431-b9ba-2d44754d36a1":0.749,"8419f9bc-0167-46ec-86c3-3265d2905fbc":0.474,"8443f966-0d88-4ec7-a20e-8edf73fa62f6":1.0,"a012e0f4-4b22-47b7-8b24-ff3e1439c949":0.466,"a1f76631-d6d1-443a-9be1-c9b1267d6ca2":0.289,"a9672650-c335-484a-9555-71a35c841aa1":0.658,"adfb9b08-aabc-45c6-9586-915698a9c4b0":0.874,"bbd619ed-76c1-464c-829d-3f419cdc2525":0.414,"d6466821-6776-4f40-9609-2342debf5c86":0.306},"overworldMusic":0,"combatMusic":0,"bossMusic":0,"id":"8443f966-0d88-4ec7-a20e-8edf73fa62f6","$type":"Faction"}