{"name":"Alakrita","shortName":"Alakrita","description":"Speed. Elegance. Alakrita.","logo":"","personality":{},"primaryColor":[0.04705884,0.628758132,0.745098054],"secondaryColor":[0.264150918,0.0,0.0],"nameFile":"86257ba5-2c68-4b6f-a269-7f02ff7372c3","bossHull":"bb5d9f73-612f-4060-8fb4-f72d6b93b616","influence":4,"allegiance":{"16bad4f9-7fb5-41c5-8da0-dc76709eb7d3":0.555,"1dfaa629-6c63-42a7-91e1-f1ae90f92f09":0.708,"2f74e6b4-d268-48a9-b2a8-24591c680e84":0.022,"73d368dd-58a8-4431-b9ba-2d44754d36a1":0.598,"8419f9bc-0167-46ec-86c3-3265d2905fbc":0.606,"8443f966-0d88-4ec7-a20e-8edf73fa62f6":0.284,"a012e0f4-4b22-47b7-8b24-ff3e1439c949":0.823,"a1f76631-d6d1-443a-9be1-c9b1267d6ca2":1.0,"a9672650-c335-484a-9555-71a35c841aa1":0.325,"adfb9b08-aabc-45c6-9586-915698a9c4b0":0.085,"bbd619ed-76c1-464c-829d-3f419cdc2525":0.908,"d6466821-6776-4f40-9609-2342debf5c86":0.809},"overworldMusic":0,"combatMusic":0,"bossMusic":0,"id":"a1f76631-d6d1-443a-9be1-c9b1267d6ca2","$type":"Faction"}