{"name":"Ewan Hart Inc","shortName":"Ewan Hart","description":"Money does grow on trees","logo":"","personality":{},"primaryColor":[0.0,0.764151,0.299815148],"secondaryColor":[0.146092921,0.46226418,0.324359715],"nameFile":"cfbb1969-2a8c-40dd-9f5d-c1b9e69d356d","bossHull":"00000000-0000-0000-0000-000000000000","influence":2,"allegiance":{"16bad4f9-7fb5-41c5-8da0-dc76709eb7d3":0.874,"1dfaa629-6c63-42a7-91e1-f1ae90f92f09":0.162,"2f74e6b4-d268-48a9-b2a8-24591c680e84":0.953,"73d368dd-58a8-4431-b9ba-2d44754d36a1":0.559,"8419f9bc-0167-46ec-86c3-3265d2905fbc":0.233,"8443f966-0d88-4ec7-a20e-8edf73fa62f6":0.973,"a012e0f4-4b22-47b7-8b24-ff3e1439c949":0.491,"a1f76631-d6d1-443a-9be1-c9b1267d6ca2":0.166,"a9672650-c335-484a-9555-71a35c841aa1":1.0,"adfb9b08-aabc-45c6-9586-915698a9c4b0":0.875,"bbd619ed-76c1-464c-829d-3f419cdc2525":0.068,"d6466821-6776-4f40-9609-2342debf5c86":0.257},"overworldMusic":0,"combatMusic":0,"bossMusic":0,"id":"a9672650-c335-484a-9555-71a35c841aa1","$type":"Faction"}