{"name":"Lightsail Express","shortName":"Lightsail","description":"We’ll lose our lives before we lose your cargo.","logo":"","personality":{},"primaryColor":[0.324836552,0.270588249,0.596078455],"secondaryColor":[0.6690326,0.6629583,0.735849],"nameFile":"fc790c9c-8b47-4519-8f2c-2486185f9064","bossHull":"00000000-0000-0000-0000-000000000000","influence":3,"allegiance":{"16bad4f9-7fb5-41c5-8da0-dc76709eb7d3":0.754,"1dfaa629-6c63-42a7-91e1-f1ae90f92f09":0.181,"2f74e6b4-d268-48a9-b2a8-24591c680e84":1.0,"73d368dd-58a8-4431-b9ba-2d44754d36a1":0.333,"8419f9bc-0167-46ec-86c3-3265d2905fbc":0.313,"8443f966-0d88-4ec7-a20e-8edf73fa62f6":0.653,"a012e0f4-4b22-47b7-8b24-ff3e1439c949":0.544,"a1f76631-d6d1-443a-9be1-c9b1267d6ca2":0.056,"a9672650-c335-484a-9555-71a35c841aa1":0.792,"adfb9b08-aabc-45c6-9586-915698a9c4b0":0.967,"bbd619ed-76c1-464c-829d-3f419cdc2525":0.197,"d6466821-6776-4f40-9609-2342debf5c86":0.126},"overworldMusic":0,"combatMusic":0,"bossMusic":0,"id":"2f74e6b4-d268-48a9-b2a8-24591c680e84","$type":"Faction"}