{"name":"Lucent Media","shortName":"Lucent","description":"“People will do anything for the adulation or loathing of their peers. We at Lucent have harnessed that heretofore destructive tendency for the benefit of all.”","logo":"Assets/Resources/Sprites/Icons/Logos/lucent.png","personality":{"0e91c198-d6c6-4d28-a7e0-d5316db3b7d0":0.7,"2103d2d5-bf5c-4dd9-9381-c90f1e39496f":0.9,"3f608054-8e4a-43fb-926c-261da4cc92d9":0.3,"8e5a2064-9603-4205-baf7-4d037ebfda90":0.6,"d6506d2d-3699-4c8c-8e90-5e4b8f2f43b9":0.2},"primaryColor":[0.8396226,0.04356533,0.3411568],"secondaryColor":[0.821494758,0.08962262,1.0],"nameFile":"35f90a4b-460c-416c-9a4e-f7e661850787","bossHull":"bb5d9f73-612f-4060-8fb4-f72d6b93b616","influence":6,"allegiance":{"16bad4f9-7fb5-41c5-8da0-dc76709eb7d3":0.252,"1dfaa629-6c63-42a7-91e1-f1ae90f92f09":0.679,"2f74e6b4-d268-48a9-b2a8-24591c680e84":0.305,"73d368dd-58a8-4431-b9ba-2d44754d36a1":0.914,"8419f9bc-0167-46ec-86c3-3265d2905fbc":0.831,"8443f966-0d88-4ec7-a20e-8edf73fa62f6":0.808,"a012e0f4-4b22-47b7-8b24-ff3e1439c949":1.0,"a1f76631-d6d1-443a-9be1-c9b1267d6ca2":0.714,"a9672650-c335-484a-9555-71a35c841aa1":0.329,"adfb9b08-aabc-45c6-9586-915698a9c4b0":0.333,"bbd619ed-76c1-464c-829d-3f419cdc2525":0.583,"d6466821-6776-4f40-9609-2342debf5c86":0.53},"overworldMusic":0,"combatMusic":0,"bossMusic":0,"id":"a012e0f4-4b22-47b7-8b24-ff3e1439c949","$type":"Faction"}