{"name":"Miss Terri’s Sugariffic Snack Company","shortName":"Miss Terri's","description":"Candy for all! Suspiciously experimental substances for some!","logo":"Assets/Resources/Sprites/Icons/Logos/miss_terri.png","personality":{"0e91c198-d6c6-4d28-a7e0-d5316db3b7d0":0.75,"2103d2d5-bf5c-4dd9-9381-c90f1e39496f":0.9,"3f608054-8e4a-43fb-926c-261da4cc92d9":0.8},"primaryColor":[1.0,0.0500000119,0.6796082],"secondaryColor":[0.9150943,0.9150943,0.9150943],"nameFile":"8af167f7-2ac7-4cba-b204-25f5a6ba5f33","bossHull":"00000000-0000-0000-0000-000000000000","influence":2,"allegiance":{"16bad4f9-7fb5-41c5-8da0-dc76709eb7d3":0.048,"1dfaa629-6c63-42a7-91e1-f1ae90f92f09":0.587,"2f74e6b4-d268-48a9-b2a8-24591c680e84":0.429,"73d368dd-58a8-4431-b9ba-2d44754d36a1":0.914,"8419f9bc-0167-46ec-86c3-3265d2905fbc":1.0,"8443f966-0d88-4ec7-a20e-8edf73fa62f6":0.402,"a012e0f4-4b22-47b7-8b24-ff3e1439c949":0.802,"a1f76631-d6d1-443a-9be1-c9b1267d6ca2":0.718,"a9672650-c335-484a-9555-71a35c841aa1":0.216,"adfb9b08-aabc-45c6-9586-915698a9c4b0":0.059,"bbd619ed-76c1-464c-829d-3f419cdc2525":0.939,"d6466821-6776-4f40-9609-2342debf5c86":1.0},"overworldMusic":237948771,"combatMusic":0,"bossMusic":0,"id":"d6466821-6776-4f40-9609-2342debf5c86","$type":"Faction"}