{"name":"NiteLife Energy","shortName":"NiteLife","description":"We keep the lights on, so you can keep on keeping on.","logo":"","personality":{},"primaryColor":[0.2235294,0.611764669,1.0],"secondaryColor":[0.7075472,0.2236116,0.7007313],"nameFile":"d0959e52-7726-4510-bdaa-c267c58f2855","bossHull":"bb5d9f73-612f-4060-8fb4-f72d6b93b616","influence":4,"allegiance":{"16bad4f9-7fb5-41c5-8da0-dc76709eb7d3":0.25,"1dfaa629-6c63-42a7-91e1-f1ae90f92f09":0.5,"2f74e6b4-d268-48a9-b2a8-24591c680e84":0.2,"73d368dd-58a8-4431-b9ba-2d44754d36a1":1.0,"8419f9bc-0167-46ec-86c3-3265d2905fbc":0.9,"8443f966-0d88-4ec7-a20e-8edf73fa62f6":0.75,"a012e0f4-4b22-47b7-8b24-ff3e1439c949":1.0,"a1f76631-d6d1-443a-9be1-c9b1267d6ca2":0.75,"a9672650-c335-484a-9555-71a35c841aa1":0.6,"adfb9b08-aabc-45c6-9586-915698a9c4b0":0.25,"bbd619ed-76c1-464c-829d-3f419cdc2525":0.5,"d6466821-6776-4f40-9609-2342debf5c86":0.75},"overworldMusic":0,"combatMusic":0,"bossMusic":0,"id":"73d368dd-58a8-4431-b9ba-2d44754d36a1","$type":"Faction"}