{"name":"Zhestokost","shortName":"Zhestokost","description":"\"It is a truth universally acknowledged that nothing is as useful in diplomacy and warfare as a gigantic nuclear arsenal.\"","logo":"Assets/Resources/Sprites/Icons/Logos/colferv.png","personality":{"0e91c198-d6c6-4d28-a7e0-d5316db3b7d0":0.25,"2103d2d5-bf5c-4dd9-9381-c90f1e39496f":0.3},"primaryColor":[1.0,0.0500000119,0.0500000119],"secondaryColor":[1.0,1.0,0.0500000119],"nameFile":"5fb6de6e-616e-478c-9323-58f197af51b9","bossHull":"bb5d9f73-612f-4060-8fb4-f72d6b93b616","influence":6,"allegiance":{"16bad4f9-7fb5-41c5-8da0-dc76709eb7d3":1.0,"1dfaa629-6c63-42a7-91e1-f1ae90f92f09":0.162,"2f74e6b4-d268-48a9-b2a8-24591c680e84":0.724,"73d368dd-58a8-4431-b9ba-2d44754d36a1":0.186,"8419f9bc-0167-46ec-86c3-3265d2905fbc":0.305,"8443f966-0d88-4ec7-a20e-8edf73fa62f6":0.632,"a012e0f4-4b22-47b7-8b24-ff3e1439c949":0.325,"a1f76631-d6d1-443a-9be1-c9b1267d6ca2":0.153,"a9672650-c335-484a-9555-71a35c841aa1":0.541,"adfb9b08-aabc-45c6-9586-915698a9c4b0":0.919,"bbd619ed-76c1-464c-829d-3f419cdc2525":0.027,"d6466821-6776-4f40-9609-2342debf5c86":0.182},"overworldMusic":3285854189,"combatMusic":681474673,"bossMusic":3119006570,"id":"16bad4f9-7fb5-41c5-8da0-dc76709eb7d3","$type":"Faction"}